unit_key;label_es;label_eu;active;sort_order;updated_at
ingeniaritza;INGENIARITZA;INGENIARITZA;TRUE;1;
lanerako_prestakuntza;LANERAKO PRESTAKUNTZA;LANERAKO PRESTAKUNTZA;TRUE;2;
incress;INCRESS;INCRESS;TRUE;3;
proiektu_zerbitzu_teknikoak;PROIEKTUAK ETA ZERBITZU TEKNIKOAK;PROIEKTUAK ETA ZERBITZU TEKNIKOAK;TRUE;4;
ekoizpena;EKOIZPENA;EKOIZPENA;TRUE;5;
komertziala_marketina;KOMERTZIALA ETA MARKETINA;KOMERTZIALA ETA MARKETINA;TRUE;6;
pertsonak_antolaketa;PERTSONAK ETA ANTOLAKETA;PERTSONAK ETA ANTOLAKETA;TRUE;7;
gobernantza_barne_kudeaketa;GOBERNANZA Y GESTIÓN INTERNA;GOBERNANTZA ETA BARNE-KUDEAKETA;TRUE;8;
pendiente;PENDIENTE DE CLASIFICAR;SAILKATU GABE;TRUE;99;
